"country","perc_ppl_fully_vaxxed"
"Seychelles",0.5784283014864141
"United States of America",0.567926427331728
"United Kingdom",0.5267373633592995
"Palau",0.4461769783371387
"United Arab Emirates",0.37738003720220403
"Chile",0.32831811263975563
"San Marino",0.2568741816450423
"Maldives",0.2372296971041539
"Bahrain",0.2200561388086985
